<?xml version="1.0"?>
<package version="2.0" xmlns="http://pear.php.net/dtd/package-2.0"
    xmlns:tasks="http://pear.php.net/dtd/tasks-1.0"
    xmlns:xsi="http://www.w3.org/2001/XMLSchema-instance"
    xsi:schemaLocation="http://pear.php.net/dtd/tasks-1.0
http://pear.php.net/dtd/tasks-1.0.xsd
http://pear.php.net/dtd/package-2.0
http://pear.php.net/dtd/package-2.0.xsd">

  <name>scm</name>
  <channel>pecl.php.net</channel>

  <summary>The unknown extension</summary>

  <description>
none
  </description>

  <lead>
    <name>Unknown User</name>
    <user>unknown</user>
    <email>unknown@example.com</email>
    <active>yes</active>
  </lead>

  <date>2008-03-06</date>
  <version>
    <release>0.0.1</release>
    <api>0.0.1</api>
  </version>
  <stability>
    <release>devel</release>
    <api>devel</api>
  </stability>

  <license>unknown</license>

  <notes>
none
  </notes>

  <contents>
    <dir name="/">
      <file role='doc' name='EXPERIMENTAL'/>
      <file role='doc' name='CREDITS'/>
      <file role='src' name='config.m4'/>
      <file role='src' name='scm.dsp'/>
      <file role='src' name='config.w32'/>
      <file role='src' name='scm.c'/>
      <file role='src' name='php_scm.h'/>
      <dir name="tests">
        <file role='test' name='scm_assign.phpt'/>
        <file role='test' name='scm_eval.phpt'/>
        <file role='test' name='scm_eval_file.phpt'/>
      </dir>
    </dir>
  </contents>

  <dependencies>
    <required>
      <php>
        <min>4.0.0</min>
      </php>
      <pearinstaller>
        <min>1.4.0a1</min>
      </pearinstaller>
    </required>
  </dependencies>

  <providesextension>scm</providesextension>

  <extsrcrelease/>

</package>
