<?xml version='1.0' encoding='iso-8859-1'?>
<!-- $Revision: 1.1 $ -->
 <reference id='ref.scm'>
  <title>The unknown extension</title>
  <titleabbrev>scm</titleabbrev>

  <partintro>
   <section id='scm.intro'>
    &reftitle.intro;
    <para>
none
    </para>
   </section>
   
   &reference.scm.configure;

   <section id='scm.resources'>
    &reftitle.resources;
   &no.resource;
   </section>

   <section id='scm.constants'>
    &reftitle.constants;
    &no.constants;
   </section>
   
  </partintro>

&reference.scm.functions;

 </reference>

<!-- Keep this comment at the end of the file
Local variables:
mode: sgml
sgml-omittag:t
sgml-shorttag:t
sgml-minimize-attributes:nil
sgml-always-quote-attributes:t
sgml-indent-step:1
sgml-indent-data:t
indent-tabs-mode:nil
sgml-parent-document:nil
sgml-default-dtd-file:"../../../manual.ced"
sgml-exposed-tags:nil
sgml-local-catalogs:nil
sgml-local-ecat-files:nil
End:
vim600: syn=xml fen fdm=syntax fdl=2 si
vim: et tw=78 syn=sgml
vi: ts=1 sw=1
-->
