<?xml version="1.0" encoding="iso-8859-1"?>
<!-- $Revision: 1.0 $ -->
  <refentry id="function.scm-assign">
   <refnamediv>
    <refname>scm_assign</refname>
    <refpurpose></refpurpose>
   </refnamediv>
   <refsect1>
    <title>Description</title>
     <methodsynopsis>
      <type>void</type><methodname>scm_assign</methodname>
      <methodparam><type>string</type><parameter>name</parameter></methodparam>
      <methodparam><type>mixed</type><parameter>val</parameter></methodparam>
     </methodsynopsis>
     <para>
     </para>

   </refsect1>
  </refentry>

<!-- Keep this comment at the end of the file
Local variables:
mode: sgml
sgml-omittag:t
sgml-shorttag:t
sgml-minimize-attributes:nil
sgml-always-quote-attributes:t
sgml-indent-step:1
sgml-indent-data:t
indent-tabs-mode:nil
sgml-parent-document:nil
sgml-default-dtd-file:"../../../../manual.ced"
sgml-exposed-tags:nil
sgml-local-catalogs:nil
sgml-local-ecat-files:nil
End:
vim600: syn=xml fen fdm=syntax fdl=2 si
vim: et tw=78 syn=sgml
vi: ts=1 sw=1
-->
